tweet,Label
"Sudah banyak tulisan tentang beberapa pekerjaan yang akan hilang, kini di ingatkan lagi.....
Negara hadir hadir dan cepat menyesuaiakan diri seluruh kurikulum terutama tentang vokasi (harus tepat guna dan sesuai dengan kondisi yg ada) @jokowi @cakimiNOW 
https://t.co/qbRHoIfsCA",-1
"RT @Leonita_Lestari: Presiden dari negara besar &amp; dgn visi besar, tak akan larut dlm bahasan ecek2 GESTURE. Beliau memutuskan utk hadir pdâ€¦",-1
Nadiem Makarim : Permen PPKS hadir sebagai solusi terhadap maraknya kejadian kekerasan seksual dalam perguruan tinggi dan juga sebagai salah satu upaya untuk memenuhi hak seluruh Warga Negara Indonesia (WNI) atas pendidikan tinggi yang aman. https://t.co/TKxrXfhrSU,-1
"RT @Leonita_Lestari: Presiden dari negara besar &amp; dgn visi besar, tak akan larut dlm bahasan ecek2 GESTURE. Beliau memutuskan utk hadir pdâ€¦",-1
"RT @DitjenKN: 2 tahun pandemi memberi dampak pada semua pihak, salah satunya adalah UMKM. 

Negara hadir melalui kebijakan implementasi PTKâ€¦",-1
"RT @Leonita_Lestari: Presiden dari negara besar &amp; dgn visi besar, tak akan larut dlm bahasan ecek2 GESTURE. Beliau memutuskan utk hadir pdâ€¦",-1
"RT @AnggaPutraF: Ada yang nanya ke saya, bukannya negara udah hadir di perumahan dengan FLPP, DP nol, dan untuk low income Rusunawa. Saya bâ€¦",-1
"RT @Leonita_Lestari: Presiden dari negara besar &amp; dgn visi besar, tak akan larut dlm bahasan ecek2 GESTURE. Beliau memutuskan utk hadir pdâ€¦",-1
"RT @Leonita_Lestari: Presiden dari negara besar &amp; dgn visi besar, tak akan larut dlm bahasan ecek2 GESTURE. Beliau memutuskan utk hadir pdâ€¦",-1
"RT @Leonita_Lestari: Presiden dari negara besar &amp; dgn visi besar, tak akan larut dlm bahasan ecek2 GESTURE. Beliau memutuskan utk hadir pdâ€¦",-1
"RT @aniesbaswedan: Jakarta Kota Global!

Sebuah kehormatan dapat menjamu para Duta Besar negara sahabat pada Gala Dinner Jakarta Hajatan keâ€¦",-1
"Ngelihat lautan ijo di Dream Concert kemarin merasa sangat bangga, kalian telah melalui masa-masa sulit debut di usia muda. Bulan Juli besok, TDS PT II segera hadir, kalian pasti akan melakukan tour concert di berbagai negara juga. Untuk itu, jaga kesehatan ya guysğŸ¥ºğŸ«¶ğŸ¼",-1
"â€œNegara harus hadir dalam mempermudah kehidupan rakyat agar mendapatkan kehidupan yang layak dan sejahtera,â€ â€“ Puan Maharani",-1
"RT @AnggaPutraF: Ada yang nanya ke saya, bukannya negara udah hadir di perumahan dengan FLPP, DP nol, dan untuk low income Rusunawa. Saya bâ€¦",-1
"RT @Tehtarik_mantap: Dan negara tidak pernah hadir untuk rakyat
Negara selalu hadir untuk oligarki

#PDIP_PartaiTerkorup
#PDIP_PartaiTerkorâ€¦",-1
"Ada yang nanya ke saya, bukannya negara udah hadir di perumahan dengan FLPP, DP nol, dan untuk low income Rusunawa. Saya bilang, coba cek di program itu yang disubsidi apanya, harganya jualnya, harga pokoknya atau apanya.",-1
"Dan negara tidak pernah hadir untuk rakyat
Negara selalu hadir untuk oligarki

#PDIP_PartaiTerkorup
#PDIP_PartaiTerkorup https://t.co/RSn7eIpmdy",-1
RT @tonybulumanu: @ResiMbeling Jika bangsa barat tidak hadir ke negara kita... tentunya keajaiban ini pasti sudah lama musnah,-1
"RT @reezal_merican: Mesyuarat Majlis Negara Bagi Kerajaan Tempatan Ke-79 (MNKT ke-79)

Alhamdulillah, hari ini saya hadir ke Mesyuarat Majlâ€¦",-1
"RT @Leonita_Lestari: Presiden dari negara besar &amp; dgn visi besar, tak akan larut dlm bahasan ecek2 GESTURE. Beliau memutuskan utk hadir pdâ€¦",-1
"@geloraco Tunjuk batang hidung nya yg mau ganti ideologi negara lalu tangkap,jangan kau kira clana cingkrang berjenggot itu orangÂ² yg seperti itu,duduk ikut hadir kajian yg mereka ada kan kau  akan tau nanti",-1
"Miris baca postingan Tempo di IG ttg pernikahan beda agama..

Nampak bahwa Tempo setuju negara benar2 dipisahkan dari agama, padahal agama hadir untuk mengatur kehidupan manusia sesuai perintah Allah / Tuhan. https://t.co/cu1MhJ70uK",-1
"Harus diakui sumber daya manusia kita dibeberapa sektor memang masih rendah,disinilah seharusnya negara hadir untuk memberikan penyadaran. https://t.co/Vr5QU1hsvL",-1
"Mesyuarat Majlis Negara Bagi Kerajaan Tempatan Ke-79 (MNKT ke-79)

Alhamdulillah, hari ini saya hadir ke Mesyuarat Majlis Negara Bagi Kerajaan Tempatan ke-79 yang dipengerusikan oleh YB Datoâ€™ Sri Haji Fadillah bin Haji Yusof, Menteri Kanan Kerja Raya di Menara KPKT. https://t.co/y2mSG0UCpT",-1
"@mouldie_sep Pointnya ada pemimpin dan pejabat negara hadir disana tapi menikmati apa yg disampaikan bahkan sampai tertawa2, pantas papua tidak pernah selesai masalahnya dilihat dari perilakunya seperti itu.....katanya paling NKRI",-1
@NOTASLIMBOY Dan lucunya di tepokin dengan meriah sama yg hadir termasuk kepala negara. Meskipun mereka juga ga ngerti konteks yg diomongin nyambungnya kemana ğŸ˜…,-1
" @Reiza_Patters @tatakujiyati @ChusnulCh__ @GunRomli @03__nakula @Aryprasetyo85 @tjhinfar @Uki23 Tapi kan jakarta MENANGGUNG BEBAN sebagai ibu kota negara.semua PENDATANG DARI SELURUH INDONESIA pada hadir dijakarta,dan itu memperngaruhi semua pengeluaran pemprov DKI.jangan cari enaknya.jawa tengah semua komoditas tersedia,mulai papan dan A805pangan.klo org jakarta?",-1
"@ladyincrypto hadir ateu inez, saya asli penduduk warga bangsa negara twiter....",-1
"@Anakmedan76Gma1 @susipudjiastuti Negara memang wajib hadir utk rakyatnya. 
Kritik tak lantas membuat kewajiban itu gugur bos.",-1
"""Terkait warga negara China yang laporan perkosaan, jadi betul itu sudah dua kali dipanggil tidak hadir,"" kata Kabid Humas Polda Metro Jaya Kombes E Zulpan, Rabu (22/6/2022).",-1
"@DonAdam68 Negara jarang hadir pd urusan rakyat,era pengusaha nakal lg di bebaskan beraksi.",-1
RT @menghanyurkan: what part of children can't consent do you not understand? It is about freedom when you're an adult. But not when you'reâ€¦,-1
"@RY_879 @ZUL_Hasan @OnlyFrens Karena negara tidak hadir mengurus pasar,ğŸ˜",-1
"Di cerita ini, ada 3 MD pelapis sbg karakter utama, tp karakter lainnya bakal muncul juga kok, dari berbagai sektor dan negara akan hadirğŸ˜†",-1
"@RodriChen negara hadir kalo dah cuan, buat majaki aja. pas ngerintis, negara tutup mata ğŸ¥²",-1
"@AgastyArcanA @sunset_gazing @baguszin Perusahaan ikut cuti saat punya pegawai 6 lalu cuti hamil 3 org.

Apakah selalu ada jalan?
Negara wajib hadir dalam cuti 6 bln ini di awal pelaksanaan misalnya tanggung 3 bln gaji pegawai cuti.
Jd perusahaan dpt ambil pekerja tambahan sementara dgn 3 blm gaji yg ada.
Apakah?",-1
"what part of children can't consent do you not understand? It is about freedom when you're an adult. But not when you're a CHILD. Negara harus hadir untuk melindungi anak di bawah umur kalau orang tuanya punya warped view of the world

kalo u udah dewasa, lain cerita https://t.co/U0N8W3HUA3",-1
"@tanyakanrl Di bawah umur tapi negara hadir, coba ini bagaimana @Kemenag_RI atur dulu anak buahnya.",-1
"Sementara itu, Menteri BUMN @erickthohir menyatakan, pemerintah melalui bank BNI memberikan fasilitas pendanaan bagi PMI agar tidak menjadi korban orang-orang yang tidak baik. 
Bukti negara hadir untuk para pahlawan devisa. 

#BangkitBersamaET https://t.co/xpUasa3OUR",-1
RT @kumparanplus: Apakah ada konsep gelar pahlawan nasional di negara-negara lain? Atau gelar pahlawan ini semata hadir hanya karena alasanâ€¦,-1
"Apakah ada konsep gelar pahlawan nasional di negara-negara lain? Atau gelar pahlawan ini semata hadir hanya karena alasan politis semata? 

@reireinhart menjelaskannya di twitter space kumparanplus malam ini.
Ikuti obrolannya sekarang.
https://t.co/xQmtkl1XPk https://t.co/vMZQN5fQ88",-1
@DiagaPaiker @jagaxarsa @melanieppuchino Belum lagi perusahaan jg harus mikirin pengganti sementara si wanita yg melahirkan &amp; beban kerja coworker yg ketibanan kerjaan si wanita yg sedang cuti. Itulah kenapa negara hrs  hadir di situ jk memang mau kebijakan spt itu,-1
"@DiagaPaiker @jagaxarsa @melanieppuchino Justru itu titik masalahnya. Kalo memang mau kebijakan 6 bln cuti berbayar, negara hrs turut hadir. Ga perlu marahÂ² kalo pajak dinaikin gilaÂ² an sama Menkeu. Demi subsidi &amp; bayarin cuti. 
Jk semua dibebankan kpd pengusaha, resikonya pekerja wanita bakalan sulit dpt kerja nantinya",-1
@ResiMbeling Jika bangsa barat tidak hadir ke negara kita... tentunya keajaiban ini pasti sudah lama musnah,-1
"Gk ada yang salah dengan itu jika syarat-syaratnya sudah terpenuhi.
Pengadilan hadir untuk melindungi hak-hak masyarakat melakukan pernikahan agar diakui oleh negara secara sah.",-1
"Miris bgt sesama wanita malah enteng bgt blg â€œresign aja, tau diri donk, sana melahirkan urus anak!â€ Meanwhile kt gatau kondisi ekonomi &amp; rumah tangga org itu gmn. Di sini negara hadir spy generasi baru terlindungi mental &amp; fisiknya, minimal sampai 6 bln kehidupan pertamanya",-1
@prettymomratih @gadisresidu_b3 Semua nabi hadir dinegara gurun...karena bejadnya org disana...sdg negara lain msh ada penyebar kebaikkan ( hindu &amp; BUDHA )..knp budha hrf besar...karena gk ada kasta kayak hindu,-1
"RT @QaisRafif: Ketua DPR RI Puan Maharani mengatakan bahwa negara harus hadir di tengah-tengah masyarakat terkait masalah kesehatan. 
Hal iâ€¦",-1
"Hampir semua negara di bumi Muslim, karena asyik bermain di panggung kekuasaan, sering benar tidak hadir membela rakyatnya yang tertindas dan kesakitan.  Gerakan musim semi Arab yang gagal itu adalah contoh dramatis yang banyak membawa korban,",-1
"Yuk Gas Kan Slot Tergacor 

WA1 : +6287843063268
WA2 : +6287867097291

Link Slot :  https://t.co/Aaaz3jfOJS

#BTSItsOkayToRest #BeraniBerbagiKebaikan #ZBFS #ZALORABigFashionSale #JakartaHajatan495 LEAVE THEM ALONE Bigger Than Ever IKN Bangkitkan Ekonomi negara hadir #pamelapoker https://t.co/SRwP2H1A6I",-1
"Yuk Gas Kan Slot Tergacor 

WA1 : +6287843063268
WA2 : +6287867097291

Link Slot :  https://t.co/wcJIYMflPR

#BTSItsOkayToRest #BeraniBerbagiKebaikan #ZBFS #ZALORABigFashionSale #JakartaHajatan495 LEAVE THEM ALONE Bigger Than Ever IKN Bangkitkan Ekonomi negara hadir #pamelapoker https://t.co/bALTvkpQoc",-1
"Yuk Gas Kan Slot Tergacor 

WA1 : +6287843063268
WA2 : +6287867097291

Link Slot :  https://t.co/zNP9e8lrG0

#BTSItsOkayToRest #BeraniBerbagiKebaikan #ZBFS #ZALORABigFashionSale #JakartaHajatan495 LEAVE THEM ALONE Bigger Than Ever IKN Bangkitkan Ekonomi negara hadir #pamelapoker https://t.co/oxSd5kcUvD",-1
"Semoga rakyat Indonesia tidak seperti ayam yang kehilangan induk, shg masih ada yg dengar dan berikan solusi.

Mari kita lihat kedepan, hadir atau tidaknya administrator negara ini. https://t.co/dEVQxFIBOb",-1
"RT @jaune_uni: @ekowboy2 wah ternyata brutal juga yaa pendukung Bapak Politik Identitas, kalau kaya gini sih wajib negara hadir untuk mempeâ€¦",-1
"RT @fanynajwaa: Nah kuncinya itu di negara yg hadir, kita ini bayar pajak, pemerintah dipilih buat kerja, kalok ujung2nya semua diserahin kâ€¦",-1
"Nah kuncinya itu di negara yg hadir, kita ini bayar pajak, pemerintah dipilih buat kerja, kalok ujung2nya semua diserahin ke pasar atau kita mikir sendiri2 ya buat apa bernegara? Eh selama ini juga udh gt yaa wkwk https://t.co/GbGJInDQ3i",-1
@Setiadji_S @lordsalty57_ @elisa_jkt Poinnya negara hadir agar pekerja tidak harus tergantung pada altruisme pengusaha. Kamu kenapa oon sekali sih.,-1
"RT @Obay_Kusut1981: Mau sampai kapan rakyat yg selalu jadi korban, ribut perkara pilihan, menangis karena kemiskinan, teriak mengemis perhaâ€¦",-1
"RT @Obay_Kusut1981: Mau sampai kapan rakyat yg selalu jadi korban, ribut perkara pilihan, menangis karena kemiskinan, teriak mengemis perhaâ€¦",-1
"RT @AntiRibaPropert: @republikaonline Tanda tanda, BBM akan naik lagi ğŸ˜­ğŸ˜­

Padahal prinsipnya subsidi itu untuk membantu masyarakat dan adanâ€¦",-1
"Mau sampai kapan rakyat yg selalu jadi korban, ribut perkara pilihan, menangis karena kemiskinan, teriak mengemis perhatian. Negara tidak pernah hadir disaat rakyat butuhkan. Apa seperti ini politik? Selalu rakyat yg jadi korban?
Padahal tanpa rakyat apa kalian bisa berkuasa? https://t.co/dTZ4dhVxqU",-1
"sebab tu kita jgn letak harapan nanti kita sakit seperti meletakkan harapan kumpulan kegemaran akan datang ke Malaysia untuk konsert namun apa yang berlaku? ya mereka tidak hadir malah melompat lompat ke negara jiran

ğŸ¥¹ğŸ¤",-1
"Semoga saja semua yang terucap dari bibirmu benar-benar tulus dari hati bukannya cuma modus

negara hadir.",-1
Negara hadir jika masalah sudah viral,-1
"RT @Franken_blues: Selama 2 thn Jemaah Haji hrs menunda keinginannya utk berangkat Haji dikarenakan pandemi Covid-19.
Kini kerinduan Jamaahâ€¦",-1
"RT @Penyair_Berdiri: Menurut Naif Alaboud, pengelola sebuah penginapan jemaah asalÂ IndonesiaÂ di kawasan Syisyah, Mekah, dibandingkan denganâ€¦",-1
"@mikhaylakumala Kemenag memang joss

#ApresiasiHaji2022
Negara Hadir",-1
"@kenhans03 Profesional ğŸ‘ğŸ‘ğŸ‘
#ApresiasiHaji2022
Negara Hadir",-1
"RT @Franken_blues: Selama 2 thn Jemaah Haji hrs menunda keinginannya utk berangkat Haji dikarenakan pandemi Covid-19.
Kini kerinduan Jamaahâ€¦",-1
"Ya Alloh bahagia sekali ya setelah tertunda 2 tahun loh jemaah haji Indonesia karena wabah covid-19
#ApresiasiHaji2022
Negara Hadir https://t.co/BUrEAFr1yf",-1
"Jam segini baru makan ğŸ¥²
#ApresiasiHaji2022
Negara Hadir",-1
"Lapar bgt huhu â˜¹#ApresiasiHaji2022
Negara Hadir",-1
"Hujan ğŸ’¦
#ApresiasiHaji2022
Negara Hadir",-1
"Mo mandiğŸ¤ª
#ApresiasiHaji2022
Negara Hadir",-1
"Kangen seblak deh ğŸ˜©
#ApresiasiHaji2022
Negara Hadir",-1
"Akhirnya setelah dua tahun tertunda akibat pandemi, jamaah haji sekarang sudah bisa berangkat lagi  #ApresiasiHaji2022
Negara Hadir
https://t.co/VxQhytEHSb",-1
"lagi lagii ğŸ˜‰
#ApresiasiHaji2022
Negara Hadir",-1
"Laper ğŸ™„
#ApresiasiHaji2022
Negara Hadir",-1
"nah berita kaya gini adem banget ya bacanya.. semoga selalu begini
Negara Hadir #ApresiasiHaji2022

https://t.co/KzsDOr5MeC",-1
"Iya dong pastinya..yg udah rencana mau berangkat dari 2 tahun yg lalu pasti sangat menantikan bisa berangkat haji tahun ini..
#ApresiasiHaji2022
Negara Hadir https://t.co/McCdqsO7vE",-1
"RT @TelkomIndonesia: Sobat, presidensi G20 yang digelar di Indonesia banyak dilakukan secara tatap muka (offline meeting) di berbagai kota.â€¦",0
"RT @aniesbaswedan: Jakarta Kota Global!

Sebuah kehormatan dapat menjamu para Duta Besar negara sahabat pada Gala Dinner Jakarta Hajatan keâ€¦",0
"RT @aniesbaswedan: Jakarta Kota Global!

Sebuah kehormatan dapat menjamu para Duta Besar negara sahabat pada Gala Dinner Jakarta Hajatan keâ€¦",0
"RT @aniesbaswedan: Jakarta Kota Global!

Sebuah kehormatan dapat menjamu para Duta Besar negara sahabat pada Gala Dinner Jakarta Hajatan keâ€¦",0
"RT @aniesbaswedan: Jakarta Kota Global!

Sebuah kehormatan dapat menjamu para Duta Besar negara sahabat pada Gala Dinner Jakarta Hajatan keâ€¦",0
"RT @Leonita_Lestari: Presiden dari negara besar &amp; dgn visi besar, tak akan larut dlm bahasan ecek2 GESTURE. Beliau memutuskan utk hadir pdâ€¦",0
RT @ShahrilComms: Terima kasih kepada semua yang hadir malam tadi. InsyaAllah akan meneruskan perjumpaan sebegini untuk mendengar terus suaâ€¦,0
"Terima kasih kepada semua yang hadir malam tadi. InsyaAllah akan meneruskan perjumpaan sebegini untuk mendengar terus suara dan pandangan mahasiswa tentang isu-isu semasa dan aspirasi mereka bagi negara.

#SambungYangTergendala https://t.co/AR9ajNPHKt",0
"Seramai 58 perwakilan belia hadir bagi membahaskan usul melibatkan pembangunan belia merangkumi sosial, ekonomi, pendidikan, agama dan infrastruktur.

Padu sungguh! JBSN bersama ğŸ’ªğŸ½

#TeamJBSN
#JBSNBersama
#KeluargaMalaysia",0
"RT @angktsa: 287 Pekerja Migran Indonesia (PMI) Jepang diberangkatkan malam ini. Rabu, 22 Juni 2022 . 
Ini bukti negara serius mengurus PMIâ€¦",0
"Sobat BUMN,

Menteri BUMN, Erick Thohir, hadir pada perayaan Hari Lanjut Usia Nasional 2022 di Jawa Timur pada Sabtu, 4 Juni 2022. Erick Thohir meyakini bahwa lansia sesungguhnya bukanlah beban dan bukan warga negara kelas dua di Indonesia. 

#ETSolusiLansia https://t.co/mEJ9o7cFCs",0
"@Leonita_Lestari Berkali-kali Presiden dari Indonesia masuk, hadir di beberapa negara yang sedang mengalami konflik peperangan. 

Bukti nyata bahwa Indonesia sangat dihormati Negara didunia in.

Seharusnya kekuatan nonblock kembali dihidupkan lagi 

@jokowi ğŸ‘",0
"Turut hadir dalam peresmian Masjid At-Taufiq yaitu Wakil Ketua MPR RI Ahmad Basarah, Menteri Sekretaris Negara Pratikno, Menteri Hukum dan HAM Yasonna Laoly, Menteri Sosial Tri Rismaharini, Menteri Investasi/Kepala BKPM Bahlil Lahadalia,",0
"RT @chandraLaras22: BP2MI memberangkatkan 287 PMI program G to G Jepang
Dihadiri Menteri @KemenBUMN bp. @erickthohir wakil @KemnakerRI bp.â€¦",0
"RT @reezal_merican: Mesyuarat Majlis Negara Bagi Kerajaan Tempatan Ke-79 (MNKT ke-79)

Alhamdulillah, hari ini saya hadir ke Mesyuarat Majlâ€¦",0
"Hadir selaku tetamu kehormat ialah Yang Mulia Dr. Shamsiah Zuraini Kanchanawati binti Haji Tajuddin, Setiausaha Tetap (Pendidikan Teras), Kementerian Pendidikan, Negara Brunei Darussalam. https://t.co/Cc4wPPixlI",0
"Turut hadir dalam peninjauan tersebut yaitu Ketua DPR RI Puan Maharani, Menteri Sekretaris Negara Pratikno, Menteri Investasi/Kepala BKPM Bahlil Lahadalia, Kepala Badan Otorita IKN Bambang Susantono, dan Gubernur Kalimantan Timur Isran Noor. https://t.co/gVEvblDubl",0
"Hadir sebagai narasumber Kepala Balai Sertifikasi Elektronik  Badan Siber dan Sandi Negara (BSSN) Jonathan Gerhard T., https://t.co/ySVlbZmGHZ. dan Sandiman Pertama pada Balai Sertifikasi Elektronik BSSN Dwika Raha Putra, https://t.co/fhOgjurEtN. MP.",0
"Turut hadir dalam peninjauan Bendungan Sepaku Semoi, Ketua DPR RI Puan Maharani, Menteri Sekretaris Negara Pratikno, Menteri Investasi/Kepala BKPM Bahlil Lahadalia, Kepala Badan Otorita IKN Bambang Susantono, dan Gubernur Kalimantan Timur Isran Noor. https://t.co/dwh0JsUA1J",0
"Menurut saya, negara hadir dengan solusi tidak dengan judge, caci maki saja. Soal konteks bertentangan dengan agama itu kembali ke masing-masing pelaku. Masalahnya pernikahan beda agama di Indonesia ini banyak sekali dan negara masih gamang dalam memutuskan dasar hukumnya.",0
"Turut hadir dalam penininjauan Ketua DPR RI Puan Maharani, Menteri Sekretaris Negara Pratikno, Menteri Lingkungan Hidup dan Kehutanan Siti Nurbaya Bakar, Menteri PUPR Basuki Hadimuljono, Menteri Investasi/Kepala BKPM Bahlil Lahadali, dan Gubernur Kalimantan Timur Isran Noor https://t.co/i1iziZlkBQ",0
"Turut hadir, Dr. Yasuhiko Matsuda, Pengurus Negara Bank Dunia bagi Malaysia, YBhg. Datuk Dr. Zunika Mohamed, Timbalan Ketua Pengarah EPU (Dasar) dan sebahagian pengarah-pengarah bahagian EPU. 

#EPUMalaysia
#EPUBentengEkonomi

(3/3)",0
"RT @Widwira: Yth Presiden @jokowi 

Yth @KSPgoid @Dr_Moeldoko

Yth Kapolri @ListyoSigitP   

Yth @KementerianBUMN @erickthohir

Yth Gubernuâ€¦",0
RT @kumpulansemesta: 23 Jun 2022 - Pihak Jabatan Audit Negara Negeri Selangor telah hadir ke Ibu Pejabat Kumpulan Semesta Sdn. Bhd. bagi seâ€¦,0
"@GarengHallu ğŸš©
Menkoinfo itu Pejabat Tinggi Negara| Pembantu Presiden. Sehrsnya tdk hadir dlm acara tsb. Menjaga etika hubungan sosial sebg bawahan Jokowi.",0
"Turut hadir dalam penininjauan tersebut yaitu Ketua DPR RI Puan Maharani, Menteri Sekretaris Negara Pratikno, Menteri LHK Siti Nurbaya Bakar, Menteri PUPR Basuki Hadimuljono, Menteri Investasi/Kepala BKPM Bahlil Lahadali, dan Gubernur Kalimantan Timur Isran Noor. https://t.co/JYVJwopiCK",0
"Sobat BUMN,

Menteri BUMN, Erick Thohir, hadir pada perayaan Hari Lanjut Usia Nasional 2022 di Jawa Timur pada Sabtu, 4 Juni 2022. Erick Thohir meyakini bahwa lansia sesungguhnya bukanlah beban dan bukan warga negara kelas dua di Indonesia. 

#ETSolusiLansia https://t.co/VWOn4N0U3Y",0
@kompascom Subsidi itu harus dilihat sebagai bentuk negara hadir di tengah2 rakyatnya dan juga bagian dari penerapan pasal 33 UUD 1945 terutama ayat 3,0
"@Nadia25MP @datukpancilok Kewajiban warga negara sudah dilakukan. Bayar pajak, mengurus akta lahir, mencatatkan identitas sipil. Setiap hari warga hadir untuk negaranya, dan belum tentu sebaliknya. Jadi jangan lakukan strawman fallacy lagi dgn pertanyaanÂ² begitu",0
"Hadir pula Bapak Zaenal Arifin Kepala Seksi Pengelolaan Kekayaan Negara KPKNL Kupang yang membawakan materi seputar Penatausahaan BMN/ BMD. 

#LKPD
#kualitaslkpd
#DJPb_HanDaL
#DJPbKawalAPBN
#MengawalAPBNIndonesiaMaju",0
"Insyaallah mulai bulan Agustus pembangunan IKN akan dimulai,"" lanjutnya.

Turut hadir dalam peninjauan tersebut yaitu Ketua DPR RI Puan Maharani, Menteri Sekretaris Negara Pratikno, https://t.co/xbu3FHv5yz",0
"Bukti Negara Hadir, PLN Terangi 3.339 Keluarga di 71 Desa Terpencil Sulawesi Barat https://t.co/xDTKBKjU7U https://t.co/1k69URCyjC",0
"RT @NoviR007: Turut hadir dalam penininjauan tersebut yaitu Ketua DPR RI Puan Maharani, Menteri Sekretaris Negara Pratikno, Menteri Lingkunâ€¦",0
"Turut hadir dalam penininjauan tersebut yaitu Ketua DPR RI Puan Maharani, Menteri Sekretaris Negara Pratikno, Menteri Lingkungan Hidup dan Kehutanan Siti Nurbaya Bakar, Menteri PUPR Basuki Hadimuljono, https://t.co/Wydnu5ji7O",0
RT @Papi_Danta: Pelepasan 287 CPMI program G to G Jepang yang turut dihadiri oleh Bapak @erickthohir @benny_rhamdani_ Duta Besar juga Wamenâ€¦,0
"Liputan ""Ocean's Inc."" hadir tak lepas dari keterlibatan Environmental Reporting Collective (ERC), jaringan jurnalis dan ruang redaksi yang berkembang dari 16 negara.

Tempo adalah salah satu pendirinya.
#SOPA2022Awards #TempoMedia https://t.co/cJ6ZHWJM0G",0
"@yoyen @RodriChen @pink61rl @Aldikurrr @mardiasih Negara disuruh nanggung sebagian biayanya terkait dobel salary expense tsb.? Pajak akan dinaikkan. Dampaknya apa terhadap investasi?

Gak segampang ngomyang ""negara harus hadir"".",0
"Sibolga - Selasa (21/06), Kepala KPKNL Padangsidimpuan, Raden Hariyadi Murti Kurniawan hadir sebagai saksi pada kegiatan Pemusnahan Barang Milik Negara (BMN) Eks Tegahan Bea Cukai Sibolga sejak tahun 2021 sampai dengan Mei 2022. 

#ayojagaasetnegara 
#asetnegara https://t.co/JgTHRUF9Dq",0
"Hadir pula dalam kegiatan ini antara lain Jaksa Agung Muda Bidang Perdata dan Tata Usaha Negara Feri Wibisono, Dirjen Bina Konstruksi Kementerian PUPR Yudha Mediawan, Direktur Tindak Pidana Korupsi Bareskrim Polri Brigjen Cahyono Wibowo-- https://t.co/gjhnhVlKJJ",0
RT @ahmadmaslan: Pertemuan Presiden UMNO DS @DrZahidHamidi dgn Duta Negara #China ke #Malaysia HE Ouyang Yujing di Tkt 38 #PWTC Rabu 22/6/2â€¦,0
"Coba cek ini, deh: ""Uniqlo Eco Bag / Tote Bag / Tas Belanja Ramah Lingkungan / Tas Lipat - L"" Rp34.500 di toko ramcar17 Tokopedia. Bisa bebas ongkir, lho.
https://t.co/eIT3iG8c7l

Ismail Basbeth
Tertinggi 1
negara hadir
Bigger Than Ever
mbak2 AW https://t.co/3whlqG7Fsg",0
"RT @RodriChen: @pink61rl @Aldikurrr @mardiasih Saya tidak paham ilmu kepegawaian, jadi tidak bisa bicara lebih. Yang saya tahu, ada yang seâ€¦",0
"Coba cek ini, deh: ""CABICIKS - Baggy Tote Bag Polos Kanvas / Tas Totebag Polos Canvas - Yellow"" Rp37.900 di toko Cabiciks Tokopedia. Bisa bebas ongkir, lho.
https://t.co/t5OfHLmVa8

Ismail Basbeth
Tertinggi 1
negara hadir
Bigger Than Ever
mbak2 AW https://t.co/B4jEPIIiYa",0
"Coba cek ini, deh: ""Shopping Bag Hawman Tas Belanja Tote bag Fashion Hand Bag Tas Jinjing"" Rp45.120 di toko hawman Tokopedia. Bisa bebas ongkir, lho.
https://t.co/34Ox9ecSBI

Ismail Basbeth
Tertinggi 1
negara hadir
Bigger Than Ever
mbak2 AW https://t.co/Nxp8BTzBxi",0
"Coba cek ini, deh: ""Tote bag blacu 30 x 40/Tas blacu custom/Goodie bag blacu custom - cetak 1 warna"" Rp10.500 di toko Yanur official_shop Tokopedia. Bisa bebas ongkir, lho.
https://t.co/e9vT9EF6P7

Ismail Basbeth
Tertinggi 1
negara hadir
Bigger Than Ever
mbak2 AW https://t.co/pdVJKGVrMP",0
*YB Datuk Seri Ahmad Maslan hadir bersama dlm Pertemuan Presiden UMNO DS Dr Ahmad Zahid Hamidi dgn Duta Negara China ke Malaysia HE Ouyang Yujing di Tkt 38 PWTC Rabu 22/6/22. Pelbagai dibincang dlm pertemuan lebih sejam itu. China adalah negara ke-2 kuasa ekonomi di dunia* https://t.co/S0o46NxNju,0
"RT @putri_nora86: Spray Pembersih Noda
â¡ï¸ https://t.co/k1NKOBNnUM 

.
.
Sore duit mana duit Negara Hadir Tambun Moana Bu Puan Malaysia Mixuâ€¦",0
Gak bisa hadir konser pas idol dateng ke negara sendiri rasanya lebih nyesek daripada gak bisa nyamperin mereka konser di negara lain. ğŸ˜­ğŸ¤§,0
"Coba cek ini, deh: ""HAND SANITIZER 500ML PUMP / PRIMA PROTECT / HANDSANITIZER CAIR 500ML - ISI ULANG 500ML"" Rp17.000 di toko Electroshop899 Tokopedia. Bisa bebas ongkir, lho.
https://t.co/tWKfJOX6F5

negara hadir
JUNGWON BEST LEADER
#LeeMinHo
H. Joko Widodo
KIM TAEHYUNG https://t.co/hrSNNY0mh1",0
"Coba cek ini, deh: ""Vitalife Vitamin C 30 Kapsul"" Rp34.440 di toko CENTURY HEALTHCARE Tokopedia. Bisa bebas ongkir, lho.
https://t.co/JZfegyABeJ

Bigger Than Ever
negara hadir
IKN Bangkitkan Ekonomi
#WJSNâ€¯â€¯â€¯
#BigMouth
Bangtan https://t.co/d0mOnCGyjc",0
"Coba cek ini, deh: ""Natur-E 100 iu isi 32 kapsul -Vitamin E-Penyubur Kandungan- Antiaging"" Rp30.000 di toko obat168 Tokopedia. Bisa bebas ongkir, lho.
https://t.co/SThpB5MPqi

negara hadir
JUNGWON BEST LEADER
#LeeMinHo
H. Joko Widodo
KIM TAEHYUNG https://t.co/acSCrHZYmB",0
"Coba cek ini, deh: ""HOODIE JUMPER POLOS JAKET SWEATERPOLOS S - XXL ( PRIA &amp; WANITA ) - XL"" Rp60.000 di toko superpolos Tokopedia. Bisa bebas ongkir, lho.
https://t.co/3x6vrzkn4g

negara hadir
JUNGWON BEST LEADER
#LeeMinHo
H. Joko Widodo
KIM TAEHYUNG https://t.co/gbWN6nb7Ol",0
"Coba cek ini, deh: ""Xbox Series S - Asia"" Rp4.299.000 di toko Liberty Game Official Tokopedia. Bisa bebas ongkir, lho.
https://t.co/mfNkvNhu1B

negara hadir
JUNGWON BEST LEADER
#LeeMinHo
H. Joko Widodo
KIM TAEHYUNG https://t.co/bNjjj3Ec1Q",0
"Coba cek ini, deh: ""PS5 Sony Playstation 5 - SONY RESMI INDO"" Rp9.399.000 di toko Super-Gameshop Tokopedia. Bisa bebas ongkir, lho.
https://t.co/dxwXVXlys1

Bigger Than Ever
negara hadir
IKN Bangkitkan Ekonomi
#WJSNâ€¯â€¯â€¯
#BigMouth
Bangtan https://t.co/mggWqU3Yzw",0
"RT @MOHEOfficial: PENGANJURAN MINGGU TVET NEGARA 2022 KINI MEMASUKI HARI KELIMA

Minggu TVET Negara (MTN) 2022 kini telah menjengah hari keâ€¦",0
tweet negara hadir,0
"Turut hadir, YB Senator Datuk Dr. Mohd Radzi Md Jidin, Menteri Kanan Pendidikan, YB Dato' Seri Ahmad Faizal Azumu, Menteri Belia dan Sukan, YB Senator Tuan Wan Ahmad Fayhsal Wan Ahmad Kamal, Timbalan Menteri Perpaduan Negara serta Ahli-Ahli Lembaga Pemegang Amanah MASA.",0
negara hadir,0
"Wooden Projects Hiasan dinding pajangan rumah aesthetic dekorasi kamar tropical nordic style - BLA 

LÉªÉ´á´‹: https://t.co/SSZVDmHuvi

negara hadir
#MOASelcaDay
#MOASD
Presiden Republik Indonesia
indonesia negara besar https://t.co/o5UD5q8bhr",0
"@kegblgnunfaedh biar santuy sambil nonton
Video fullnya disini
ğŸ‘‰ https://t.co/UrunrkARye

#kureijispace Selamat Ulang Tahun negara hadir Save PBNU Dari Korupsi SUJU INDIVIDUAL TEASERS #suju_image_teaser2 #JATENGISBLUE #MOASD #moaselcaday #senin https://t.co/4edR9GS7W5",0
"RT @amrudinnejad_: Bikin Haru, Begini Tanggapan Calon Jamaah Terkait Pelaksanaan Haji Tahun 2022 

Negara Hadir, #ApresiasiHaji2022
https:/â€¦",0
@isabellamaria33 @5ecretLockeyINA @ixLytmEcn5OcI7Z @5ecretNumber @VineEnt_Music Biden kn udah bilang akan boikot G20 jika putin hadir.tapi indonesia kn negara non blok jadi merangkul semuanya.sementara nie tanggal 30 jokowi di undang ke rusia buat kopdar sama putin,0
@5ecretLockeyINA @ixLytmEcn5OcI7Z @5ecretNumber @VineEnt_Music G20 di hadiri banyak negara.tapi kemungkinan tidak hadir untuk yang sekutu mamarika.karna ada putin yang hadir..sokor sekutu mamarika,0
"Ayuh Keluarga Malaysia! 

Anda semua dijemput hadir ramai-ramai ke Politeknik Sultan Salahuddin Abdul Aziz Shah dan memeriahkan Minggu TVET Negara 2022. https://t.co/XZZV9d0LsV",0
"tandanya negara hadir
https://t.co/Ixw3x1SipD",0
"@Lampung__01 @Kemenag_RI Mantul guys #ApresiasiHaji2022
Negara Hadir",0
"Hallo semua ğŸ˜Š
#ApresiasiHaji2022
Negara Hadir",0
"Hai guys ğŸ˜Š
#ApresiasiHaji2022
Negara Hadir",0
"@WajahPribumiii Orang Arab saja #ApresiasiHaji2022 Indonesia 
Negara Hadir",0
"RT @Lampung__01: Menurunnya tren kasus pandemi Covid-19 menjadi momentum kembali dibukanya ibadah haji oleh Pemerintah Arab Saudi.
Hal tsbâ€¦",0
"@Franken_blues Mantabbb

Negara Hadir

#ApresiasiHaji2022",0
"Sore semuanya ğŸ’—ğŸ¤—
#ApresiasiHaji2022
Negara Hadir",0
"Besok libur ğŸ˜
#ApresiasiHaji2022
Negara Hadir",0
"@lettachantik @SUGALI_bob Wawww
#ApresiasiHaji2022
Negara Hadir",0
"RT @Lampung__01: Menurunnya tren kasus pandemi Covid-19 menjadi momentum kembali dibukanya ibadah haji oleh Pemerintah Arab Saudi.
Hal tsbâ€¦",0
"@lettachantik @Elrito_M Inilah Indonesia

Ikut bangga..

Negara Hadir

#ApresiasiHaji2022",0
"@WajahPribumiii Indonesia di rindukan

#ApresiasiHaji2022
Negara Hadir",0
"@WajahPribumiii Istimewa!

#ApresiasiHaji2022
Negara Hadir",0
"Alhamdulillah yaa
#ApresiasiHaji2022
Negara Hadir https://t.co/F0PtuHN9Th",0
"Komitmen Kementerian Agama dan pihak-pihak terkait untuk memastikan kelancaran ibadah Haji 2022, agar para Jemaah haji dapat khusyuk beribadah selama jadi tamu di Rumah Allah sampai Kembali ke Tanah Air dengan selamat.

#ApresiasiHaji2022
Negara Hadir ğŸ‘

https://t.co/kgMYbvZ2KA",0
"Jemaah haji begitu dimanjakan dg berbagai fasilitas dn pelayanan yg professional.ini perwujudan bahwa Negara Hadir dn mendukung pnh kelancaran ibadah haji 2022. 
Mari doakan para Jemaah haji mnjadi haji yg mabrur dn Kembali ke Tanah Air dg baik.

#ApresiasiHaji2022
Negara Hadir https://t.co/7MMhAWLT2t",0
"@QaisRafif Inilah budaya Indonesia yg sebenarnya

#ApresiasiHaji2022
Negara Hadir",0
"@Penyair_Berdiri Kinerja2 yg optimal

#ApresiasiHaji2022
Negara Hadir",0
"@pergusoID @Kemenag_RI Negara Hadir utk jemaah haji

#ApresiasiHaji2022",0
"@BungkusTukang Terima Kasih 
#ApresiasiHaji2022
Negara Hadir @Kemenag_RI ğŸ™",0
"@Penyair_Berdiri Pertahankan ğŸ‘

#ApresiasiHaji2022
Negara Hadir",0
"@Lampung__01 Top ğŸ‘

#ApresiasiHaji2022
Negara Hadir",0
"@Lampung__01 Cakep

#ApresiasiHaji2022
Negara Hadir",0
"@BungkusTukang Hebat
#ApresiasiHaji2022
Negara Hadir",0
"Selamat Ulang Tahun Presiden Republik Indonesia @jokowi, ada hadiah dari kawan Mahasiswa. Semoga Negara Hadir demi kepentingan rakyat yang sejahtera ğŸ¤² https://t.co/07jVx2ng8n",0
"Melalui Kementerian Agama RI, negara memastikan akan bekerja keras &amp; profesional dlm penanganan Jamaah Haji agar semua bisa berjalan lancar dan aman

#ApresiasiHaji2022
Negara Hadir https://t.co/20MxnQ9Ccy",0
"@kenhans03 Luar biasa

#ApresiasiHaji2022
Negara Hadir",0
"@veroniicaa_06 Amin ya Allah #ApresiasiHaji2022
Negara Hadir",0
"bisa
#ApresiasiHaji2022
Negara Hadir",0
"@Lampung__01 @Kemenag_RI Negara Hadir 

#ApresiasiHaji2022",0
"@shaym1nz Iya Bismillah ya #ApresiasiHaji2022
Negara Hadir",0
"#ApresiasiHaji2022
Negara Hadir
Jemaah diperhatikan dan diurus dengan baik dalam hal pemondokan, transportasi, dan konsumsi. PemerintahÂ IndonesiaÂ memeriksa semuanya dan rapi https://t.co/4DBxWVrmox",0
"@Franken_blues Syukur alhamdulillah
#ApresiasiHaji2022
Negara Hadir",0
"@kenhans03 Alhamdulillah

#ApresiasiHaji2022
Negara Hadir",0
"@kenhans03 Harus disyukuri ğŸ¤—
#ApresiasiHaji2022
Negara Hadir",0
"@cimotyy Aku juga seneng banget nih min
#ApresiasiHaji2022 Negara Hadir",0
"wahhğŸ˜
#ApresiasiHaji2022
Negara Hadir",0
"Olahraga duluğŸ¤˜
#ApresiasiHaji2022
Negara Hadir",0
"semangatğŸ˜ƒ
#ApresiasiHaji2022
Negara Hadir",0
"Selamat sore ğŸ˜Š
#ApresiasiHaji2022
Negara Hadir",0
"Apa kabar nih ğŸ˜ƒ
#ApresiasiHaji2022
Negara Hadir",0
RT @ridwankamil: Itulah kenapa Negara hadir. Menghadirkan fasilitas tempat bergaul dan berkumpul orang-orang kreatif dalam bentuk Creativeâ€¦,1
"Jakarta, https://t.co/wKgHpxyppM â€“ Kinerja baik Anggaran Pendapatan dan Belanja Negara (APBN) terus berlanjut hingga Mei 2022. Belanja negara dan pembiayaan investasi yang terakselerasi merupakan bukti bahwa APBN hadir di masyarakat.

https://t.co/u0m0tCPktd https://t.co/w3moZTavFE",1
"RT @aniesbaswedan: Jakarta Kota Global!

Sebuah kehormatan dapat menjamu para Duta Besar negara sahabat pada Gala Dinner Jakarta Hajatan keâ€¦",1
"RT @AnggaPutraF: Ada yang nanya ke saya, bukannya negara udah hadir di perumahan dengan FLPP, DP nol, dan untuk low income Rusunawa. Saya bâ€¦",1
"RT @redzakusuma: @Nadia25MP @datukpancilok Kewajiban warga negara sudah dilakukan. Bayar pajak, mengurus akta lahir, mencatatkan identitasâ€¦",1
"RT @JDIHKPU_MGL: Hai, #sobatjdihkpumagelang selamat pagi! Selamat hari Jum'at yang berkah. Salam sehat dan bahagia selalu. 
Seperti biasa nâ€¦",1
"â€œNegara harus hadir dalam mempermudah kehidupan rakyat agar mendapatkan kehidupan yang layak dan sejahtera,â€ â€“ Puan Maharani",1
"Ketua TP PKK Kota Denpasar Ny. Sagung Antari Jaya Negara hadir di tengah kegiatan tersebut untuk memantau secara langsung gelaran kegiatan yang melibatkan siswa dari tingkat PAUD/TK, SD, dan juga SMP.

Kegiatan ini merupakan upaya mendidik generasi penerus melalui pengajaran",1
RT @lawancovid19_id: Satgas Penanganan COVID-19 mengeluarkan SE Nomor 20/2022 yang mengatur tentang protokol kesehatan untuk kegiatan domesâ€¦,1
"RT @ByruBima: Pak menteri @erickthohir hadir saat Pelepasan Pekerja Migran Indonesia ke Jepang kemarin. 
Ada Sebanyak 287 pekerja migran Inâ€¦",1
"Turut hadir dalam peninjauan Bendungan Sepaku Semoi, Ketua DPR RI Puan Maharani, Menteri Sekretaris Negara Pratikno, Menteri Investasi/Kepala BKPM Bahlil Lahadalia, https://t.co/Lbvhs1xjf2",1
"@benny_rhamdani_ @sumantra_14 @erickthohir Mantap ini bukti nyata negara selalu hadir untuk PMI 
#BP2MI 
#SikatSindikat 
@benny_rhamdani_",1
"RT @ragel_sumantri: #ApresiasiHaji2022
Negara Hadir untuk kenyamanan ibadah jamaah haji Indonesia.
Dan kita tahu kalau pemerintah Indonesiaâ€¦",1
RT @Fahrihamzah: Negara hadir untuk melindungi segenap bangsa Indonesia dan seluruh tumpah darah Indonesia. Negara menjamin kemerdekaan setâ€¦,1
"menjadi tujuan pariwisata yang luar biasa,"" ucap Jarot. 

Turut hadir dalam peninjauan tersebut adalah Ketua DPR RI Puan Maharani, Menteri Sekretaris Negara Pratikno, https://t.co/ikyCnGFhOb",1
"RT @Mira_SasMiita: Sementara itu, Menteri BUMN @erickthohir menyatakan, pemerintah melalui bank BNI memberikan fasilitas pendanaan bagi PMIâ€¦",1
"â€œSehingga masyarakat mengetahui bahwa negara hadir untuk melindungi hak-hak keperdataan orang yang dinyatakan tidak cakap hukum melalui BHP dan Kemenkumham Jatim,â€ tegasnya. (Humas Kemenkumham Jatim)
#KemenkumhamRI
#KumhamPasti 
@rbkunwas",1
"@L0ve1ndonesia @bitcemeng @benny_rhamdani_ Semangat dan support selalu 
Bukti nyata negara selalu hadir untuk PMI #BP2MI #SikatSindikat @benny_rhamdani_",1
"@Kastam67 @bitcemeng @benny_rhamdani_ Bukti nyata negara selalu hadir untuk PMI 
#BP2MI 
#SikatSindikat 
@benny_rhamdani_",1
"@Anak_Soeltan @thelightbuzz @benny_rhamdani_ Sip bukti nyata negara selalu hadir untuk PMI 
#BP2MI 
#SikatSindikat 
@benny_rhamdani_",1
"@kartininew01 @thelightbuzz @benny_rhamdani_ @erickthohir Top bukti nyata negara hadir untuk melindungi warganya 
#BP2MI 
#SikatSindikat 
@benny_rhamdani_",1
"Presiden dari negara besar &amp; dgn visi besar, tak akan larut dlm bahasan ecek2 GESTURE. Beliau memutuskan utk hadir pd perkara besar dgn resiko besar saat berada ditengah perang besar Rusia&amp;Ukraina demi mendamaikannya.

Entah dgn anda, saya sih bangga punya presiden seperti itu. https://t.co/zGZ8n6Pvre",1
"@myputun Itu artinya cukong yang bermain, disitulah negara harus hadir...",1
"RT @Mira_SasMiita: Sementara itu, Menteri BUMN @erickthohir menyatakan, pemerintah melalui bank BNI memberikan fasilitas pendanaan bagi PMIâ€¦",1
"Capaian kinerja positif yang diperoleh PT Bank Tabungan Negara (Persero) Tbk. pada 2021 ikut menyumbang peroleh laba bersih @kementerianbumn yang melesat hingga 1.000 persen.

#LabaBersihBUMN1000Persen
#BankBTN
#BeritaBTN
#HidupGakCumaTentangHariIni https://t.co/WgAyNsB83P",1
"RT @SyahrSyahreza: Alhamdulillah seneng deh lihatnya kalo beginiğŸ¥°ğŸ¥°
#ApresiasiHaji2022
Negara Hadir https://t.co/2iqqrv3EtD",1
"RT @resahrasa__: Alhamdulillah senenh bgt lihatnya
#ApresiasiHaji2022
Negara Hadir https://t.co/JNCELM3oR1",1
"Seneng banget liatnya. Semoga kita semua bisa segera kesanağŸ’– #ApresiasiHaji2022
Negara Hadir https://t.co/gVnV2FFRkn",1
"RT @KemenkeuRI: Pajak tidak hanya mengumpulkan penerimaan dari masyarakatnya. Tapi, pajak juga memberi.ğŸŒŸ

2 tahun pandemi tentu menggoyangâ€¦",1
"Mantan Mendag Muhammad Lutfi menyatakan ia hadir memenuhi panggilan penyidik sebagai warga negara yang taat hukum.

https://t.co/Mli990Zind",1
"Semoga segera pulih pak Menteri @tjahjo_kumolo. Kembali dapat giat melaksanakan tugas negara.

https://t.co/wqeHXvuOuN",1
"RT @Audrey_Orris: Negara Hadir untuk memastikan jamaah haji Indonesia mendapatkan pelayanan yang baik. 
Kemenag memang layak mendapatkan #Aâ€¦",1
RT @ahmadmaslan: Pertemuan Presiden UMNO DS @DrZahidHamidi dgn Duta Negara #China ke #Malaysia HE Ouyang Yujing di Tkt 38 #PWTC Rabu 22/6/2â€¦,1
"Aku salut sama diri sendiri, kemarin sidang aku bisa presentasinya in english, terus ini ntar join W20??? cuyy keren kali ga sihh??? W20 lohh dan entar di parapat itu acara puncaknya, delegasi dari 20 negara bakal hadir, terus di hari terakhir juga Ibu Negara turut hadir!!!",1
"Kedua pemimpin selanjutnya memperkenalkan delegasi dari masing-masing negara yang turut hadir mengikuti upacara. 

#KawalJokowi https://t.co/eDrbY0JbqQ",1
"Di sisi lain, kebijakan ketenagakerjaan kita mengacu pd UU Cipta Kerja (pro investor, tapi tdk pada buruh).

Arti kata 'Negara hadir' utk pekerja, berarti negara mampu membuat kebijakan/bahkan mengubah UU Ketenagakerjaan agar lebih ramah pada buruh, baik lakiÂ² maupun perempuan.",1
"DIY Membuat Papan Tulis Dinding. Anak suka coret-coret dinding?, untuk anak-anak itu merupakan hal yang seru untuk berkreasi dan mengasah kreatifitas...

Selengkapnya : https://t.co/TK7NnnWhbx

#DIY #papantulis #dinding #wall #BTSItsOkayToRest #BeraniBerbagiKebaikan negara hadir https://t.co/GlWdaT5YN4",1
"Tak bisa aturan COD diatur hanya oleh ecommerce saja or penjual saja. Aturan harus dirumuskan bersama dan mengakomodasi kepentingan semua pelaku, dimana pemerintah berfungsi sebagai ""wasit"" dan pengayom.

Negara harus hadir.",1
"Nama permainan tradisional ini ternyata bukan hanya terkenal di Indonesia, melainkan di berbagai sudut negara juga memainkannya bahkan ada yang menyelenggarakan turnamen khusus.

https://t.co/xkCgOmI9Es",1
"Sobat, presidensi G20 yang digelar di Indonesia banyak dilakukan secara tatap muka (offline meeting) di berbagai kota. Sebanyak 20.988 delegasi yang berasal dari 19 negara anggota, Uni Eropa, dan tamu undangan, diperkirakan akan hadir dalam rangkaian pertemuan G20 Indonesia. https://t.co/LsuwIfcKa4",1
"Perusahaan ga mungkin berpihak pada keluarga, negara yang harus hadir. kasih uang dgn sistem yg sama seperti umk. Utk perempuan yg sedang atau merencanakan kehamilan..",1
"RT @Windawati_90: Pemerintah Indonesia mengecek dan mengecek kembali persiapan sebelum jamaah tiba di Makkah

Alhamdulillah sangat terdidikâ€¦",1
"10 tahun akhirnya disahkan menjadi UU TPKS. Dalam Rapat Paripurna DPR RI, Pengesahan UU TPKS hadir sebagai bentuk kehadiran Negara dalam melindungi para korban kekerasan seksual.

Seperti yang diketahui, peristiwa kekerasan seksual seringkali terjadi disekitar kita tetapi- https://t.co/Fo16ae71t5",1
"RT @QaisRafif: Ketua DPR RI Puan Maharani mengatakan bahwa negara harus hadir di tengah-tengah masyarakat terkait masalah kesehatan. 
Hal iâ€¦",1
"RT @KPU_BONDOWOSO: #TemanPemilih, KPU Bondowoso hadir dalam acara Focus Group Discussion (FGD) Optimalisasi nilai IKPA Semester I TA 2022 yâ€¦",1
"Alhamdulillah, ruang dialog tercipta. Akan saling melindungi kepentingan masyarakat konsumen dan pengusaha, dengan harga yang terjangkau, pasokan cukup, dan negara hadir. Terus berbuat untuk rakyat dan bangsa Pak Mendag. https://t.co/CVHGr7Cqsg",1
"Lebih baik menyesal karena pernah mencoba daripada menyesal karena gak cobağŸ˜Š
Semangat mecoba ya!âœ¨

BEM UI Depita Petugas Bu Mega negara hadir Bangtan #NikitaMirzaniDilindungi BIG BANG https://t.co/UaaKGyAjSs",1
"DIY Membuat Papan Tulis Dinding. Anak suka coret-coret dinding?, untuk anak-anak itu merupakan hal yang seru untuk berkreasi dan mengasah kreatifitas...

Selengkapnya : https://t.co/TK7NnnWhbx

#DIY #papantulis #dinding #wall #BeraniBerbagiKebaikan Bigger Than Ever negara hadir https://t.co/FqLQ6n2I7f",1
"RT @Cantika2703: Doa untuk Presiden Jokowi juga hadir dari Sumatera Selatan.
Semoga selalu sehat dan dapat terus membangun negara ini lebihâ€¦",1
"@lordsalty57_ @OuterDeity @Setiadji_S @elisa_jkt Benar. Negara harus hadir. Karena dua2nya (pengusaha dan Karyawan) pasti mencari cuan bgm pun caranya..

KLo ndak ada regulator/negara mengatur antara hubungan pengusaha - karyawan &amp; sbaliknya, yg ada jd gontok2an.. karyawan merasa diperah, pengusaha merasa terbebani !!.",1
"Sehubungan itu, YBhg. Prof./Prof. Madya/Dr/tuan/puan dijemput hadir ke majlis pelancaran Kempen 3R : Kitar untuk amal 2.0.
Sekian, terima kasih.
""WAWASAN KEMAKMURAN BERSAMA 2030""
â€œBERKHIDMAT UNTUK NEGARAâ€",1
"@ekowboy2 wah ternyata brutal juga yaa pendukung Bapak Politik Identitas, kalau kaya gini sih wajib negara hadir untuk memperbaiki ini semua.. #BeraniBerbagiKebaikan",1
Dispen nikah kan setelah mereka nikah sirri baru ngurus itu biar sah oleh negara juga. Selama persidangan juga kedua belah pihak orangtua juga harus hadir. Ya selama berkas dan alibinya kuat ya lolos lolos aja sih. https://t.co/qD72gGB9mx,1
@Dennysiregar7 Islamophobia itu nyata ... Dan hadir di negara dengan pemeluk Islam terbesar di Dunia.... Kuatkan lagi kebhinekaan,1
"RT @amrudinnejad__: Suasana meriah dan suka cita dalam penyambutan Jema'ah Haji Indonesia sesaat tiba di Tanah Suci

Negara Hadir, Semoga mâ€¦",1
Negara pun hadir dan mementingkan dan mengutamakan hak buruh. #InvestorLindungiHakPekerja ##DukungEtlePresisi,1
"semoga selamat sampai Yogya, pak @erickthohir 
kami tahu bapak tidak sekedar hanya hadir disana, ada tugas negara yg harus dilaksanakan

kapan ada waktu dgn Serikat Pekerja @SeKar_Jiwasraya utk dapat bicara dari hati ke hati, pak?
@AryaSinulingga boleh dibantu utk diagendakan? https://t.co/T2AYycPHu3",1
"Capaian kinerja positif yang diperoleh PT Bank Tabungan Negara (Persero) Tbk. pada 2021 ikut menyumbang peroleh laba bersih @kementerianbumn yang melesat hingga 1.000 persen.

#LabaBersihBUMN1000Persen
#BankBTN
#BeritaBTN
#HidupGakCumaTentangHariIni https://t.co/eiQKJC1k26",1
"@pink61rl @Aldikurrr @mardiasih Saya tidak paham ilmu kepegawaian, jadi tidak bisa bicara lebih. Yang saya tahu, ada yang seperti itu. Efektif atau tidak, tidak tahu. Yang jelas, negara harus hadir. Itu fungsi negara.",1
"RT @Franken_blues: Pujian mengalir kepada pemerintah Indonesia, khususnya Kementerian Agama dlm penanganan Jamaah Haji.
Jamaah Haji Indonesâ€¦",1
"PJ Kepala daerah harus netral pada Pemilu 202, 
Hal itu disampaikan Jokowi dalam pertemuan tertutup dengan para pj. kepala daerah hari ini. Sebanyak 48 orang pj. kepala daerah hadir dalam pertemuan di Istana Negara, Jakarta. IKN Bangkitkan Ekonomi https://t.co/3K11TPeN60",1
@wisnukucing Wah menarik nih bang dgn ide JKN walaupun PR nya masih panjang utk JKN di Indo. Artinya negara hadir lg selain di regulasi tp jg di produknya. Masih panjang perjuangannya,1
"@AK__aja Jika aparat negara tdk hadir dan bertindak pada para radikalis, akan datang suatu masa rakyat yg akan langsung berhadapan dg para radikalis penjual agama. Itu pasti!",1
RT @pergusoID: Dalam penyelenggaraan ibadah haji Negara hadir melalui Kementerian Agama dan tim penyelenggara yg profesional untuk mewujudkâ€¦,1
"RT @sugenghandoyo01: Alhamdulillah tahun ini jamaah haji sudah mulai berangkat.
#ApresiasiHaji2022
Negara Hadir https://t.co/dfJcNRMTWg",1
Kiranya dapat mengambil tegas sikap pemerintah terkait permasalahan yang ada ini kepada pihak kepolisan pemda dan TNI untuk melakukan sweeping kepada seluruh daerah utk memastikan bahwa kegiatan ormas ini tidak boleh lagi beroperasi saya berharap negara harus hadir pada saat se-,1
"RT @Athaya_Abida: Jamaah diperhatikan dan diurus dengan baik dalam hal pemondokan, transportasi, dan konsumsi. Pemerintah Indonesia memerikâ€¦",1
RT @NandaBaskarani: Kehadiran Erick Thohir dalam acara tersebut bukan sebagai Menteri Badan Usaha Milik Negara (BUMN) namun beliau hadir daâ€¦,1
"1. Wamendag mengatakan bahwa #IKCEPA hadir sebagai peluang baru bagi pertumbuhan ekonomi, perdagangan, dan investasi kedua negara. 

#NegosiasiDagang
#AyoDagang https://t.co/f8g7bEb08S",1
"@refitaevriyanii Semoga jamaah yang disana dilancarkan dalam ibadah haji nya
#ApresiasiHaji2022
Negara Hadir",1
"@putcatdoang Semoga kita bisa menyusul Aminnn
#ApresiasiHaji2022
Negara Hadir",1
"@shaym1nz Semoga para jamaah kembali dengan selamat Aminnn
#ApresiasiHaji2022
Negara Hadir",1
"RT @amrudinnejad_: Akan menjadikan berkah untuk Bangsa ini, karena Negara Hadir secara maksimal dalam melayani Jama'ah Haji Indonesia ğŸ™ğŸ¤²ğŸ’š #â€¦",1
"RT @Penyair_Berdiri: Dua Tahun Tertunda, Jemaah Haji Indonesia Di Rindukan Tanah Suci.

#ApresiasiHaji2022
Negara Hadir untuk memastikan jeâ€¦",1
"RT @amrudinnejad_: Mabrur ğŸ™ğŸ¤²ğŸ’š

Begitu bahagianya Negara Hadir untuk melayani #ApresiasiHaji2022",1
"RT @Mood_Ceweek: Wah jadi bangga menjadi warga indonesia nih, karena jamaah haji santun banget
#ApresiasiHaji2022
Negara Hadir https://t.coâ€¦",1
"Akan menjadikan berkah untuk Bangsa ini, karena Negara Hadir secara maksimal dalam melayani Jama'ah Haji Indonesia ğŸ™ğŸ¤²ğŸ’š #ApresiasiHaji2022 https://t.co/e5ggKUiLsr",1
"@WajahPribumiii Keren penyelenggaranya #ApresiasiHaji2022
Negara Hadir",1
"@Penyair_Berdiri Bangga dg pemerintah dan penyelenggara #ApresiasiHaji2022
Negara Hadir",1
"@Lampung__01 Pemerintah keren #ApresiasiHaji2022
Negara Hadir",1
"@lettachantik Luar biasa #ApresiasiHaji2022
Negara Hadir",1
"@pergusoID Bangga banget #ApresiasiHaji2022
Negara Hadir",1
"@pergusoID @Kemenag_RI Bangga donk #ApresiasiHaji2022
Negara Hadir",1
"RT @lettachantik: Dibandingkan dengan negara lain,Â IndonesiaÂ meperhatikan dan mengurusÂ jemaahÂ hajinya lebih baik, jelas, danÂ profesional
Haâ€¦",1
"Bikin Haru, Begini Tanggapan Calon Jamaah Terkait Pelaksanaan Haji Tahun 2022 

Negara Hadir, #ApresiasiHaji2022
https://t.co/mtMK2oXYFo",1
"RT @Franken_blues: Putra pemilik Hotel tempat Jamaah Haji Indonesia menginap, memuji Tim penanganan Haji Indonesia yg dinilai profesional.â€¦",1
"RT @Franken_blues: Pemerintah Indonesia diakui memiliki tim yg profesional dlm penanganan Jamaah Haji.
Mulai dari transportasi, pemondokan,â€¦",1
"Calhaj: Pelayanan petugas haji Indonesia mantap

Negara Hadir #ApresiasiHaji2022
https://t.co/kSY5S2EMDI",1
"@QaisRafif Semua karna penyelenggaranya hebat #ApresiasiHaji2022
Negara Hadir",1
"@Franken_blues Indonesia layak mendapatkan #ApresiasiHaji2022
Negara Hadir",1
"@Lampung__01 Penyelenggara nya profesional wajar kalo dapat #ApresiasiHaji2022
Negara Hadir",1
"RT @pergusoID: Indonesia memperoleh pujian soal penyelenggaraan ibadah haji. Salah satu pujian itu datang dari Naif Alaboud, pengelola sebuâ€¦",1
"RT @Penyair_Berdiri: IndonesiaÂ beroleh pujian soal penyelenggaraan ibadah haji dari Naif Alaboud, pengelola sebuah penginapan jemaah asalÂ Iâ€¦",1
"RT @Lampung__01: Sesuai pengalaman menjamu jemaah dari berbagai negara, keistimewaan jemaah Indonesia menurut Pelayanan haji arab saudi adaâ€¦",1
"RT @kenhans03: Pemerintah Arab Saudi mengakui dan kagum terhadap perilaku tertib,bertanggung jawab dan suka membantu jamaah haji asal Indonâ€¦",1
"RT @QaisRafif: Sikap dan kebiasaan jamaah haji asal indonesia mendapatkan respon yang positif bagi penduduk arab saudi.

Jamaah haji asal iâ€¦",1
"RT @txtpesanalam: Salut dengan jemaah haji indonesia, mereka tetap menerapkan sikap saling tolong menolong, toleransi dan tetap peduli kepaâ€¦",1
RT @mikhaylakumala: Apresiasi yang tinggi untuk pemerintah terkhusus Kementerian Agama yang sudah memberikan proses yg jelas dan tim yg proâ€¦,1
"RT @WajahPribumiii: @mikhaylakumala AlhamdulillahğŸ¤—ğŸ¤—ğŸ¤—
#ApresiasiHaji2022
Negara Hadir",1
"RT @BungkusTukang: Dr.Naif Alaboud mengatakan bahwa jemaah indonesia baik dan suka membantu,selain itu dia jg mengatakan bhw penyelenggaraâ€¦",1
"RT @WajahPribumiii: @lettachantik Hasil terbaik yg dilakukan @Kemenag_RI dan pihak terkait. ğŸ‘
#ApresiasiHaji2022
Negara Hadir",1
"Pujian mengalir kepada pemerintah Indonesia, khususnya Kementerian Agama dlm penanganan Jamaah Haji.
Jamaah Haji Indonesia pun tdk luput dari pujian, karena bertanggung jawab dan suka membantu sesama Jamaah 

#ApresiasiHaji2022
Negara Hadir https://t.co/yuymvO0haD",1
"Dua tahun absen, ternyata Jemaah Haji asal Indonesia begitu dirindukan di Tanah Suci, hal ini diungkapkan oleh Dr. Naif Alaboud, seorang dosen di Universitas Ummul Quro, Madinah,
Menurut Naif, jemaah haji Indonesia itu istimewa.ğŸ¤—
#ApresiasiHaji2022
Negara Hadir https://t.co/mpWlTQhJu7",1
"Selama 10-12 tahun terakhir, Naif bekerja sama melayani jemaah haji Indonesia. Ia mengakui, Pemerintah Indonesia memiliki proses yang jelas dan tim yang profesional. Tak heran jika semua bidang, ditangani secara profesional untuk jemaah haji.
#ApresiasiHaji2022
Negara Hadir https://t.co/JtZxxUcwNS",1
"Atas kesigapan, pelayanan,dan perilaku sesuai tugas,fungsi dan kewenangan untuk melaksanakan tugas secara profesional, agar dapat melayani jemaah haji secara efektif dan efesien.
Tim pengurus ibadah haji mendapat apresiasi dari Kementerian Agama.

#ApresiasiHaji2022
Negara Hadir https://t.co/ARjjJ7s3Mk",1
"Menurut Naif Alaboud, Jemaah Indonesia memiliki keistimewaan tersendiri dan dinilai sebagai jemaah yang baik-baik, fokus, terdidik, dan suka membantu.Â 

#ApresiasiHaji2022
Negara Hadir ğŸ‘

https://t.co/urRqv2XmQ0",1
"Ini sebagai bentuk #ApresiasiHaji2022 karena pemerintah Indonesia dinilai memiliki manajemen penyelenggara haji  yang profesional dalam melayani jemaah ,dalam hal ini  Negara Hadir  untuk memastikan jemaahnya mendapat pelayanan yang terbaik .

Amazing . https://t.co/Wde0eLv6xP",1
"@erzavindaf Alhamdulillah ikut senang dengan kabar ini, semoga para jamaah haji selalu sehat dan masyarakat kita tetap di kenal sangat ramah juga
#ApresiasiHaji2022
Negara Hadir",1
"@WajahPribumiii Ibadah haji semoga lancar
#ApresiasiHaji2022
Negara Hadir",1
"@kenhans03 Luar biasa ibadah tetep khusyu 

#ApresiasiHaji2022
Negara Hadir",1
"jemaah Indonesia terbaik dalam menaati peraturan #ApresiasiHaji2022
Negara Hadir https://t.co/yXJ8yy9orV",1
"logaritma maju looo ğŸ™ƒ
#ApresiasiHaji2022
Negara Hadir",1
"makan nasi lagi yayy  ğŸ« 
#ApresiasiHaji2022 Negara Hadir",1
"Panas banget ğŸ˜€
#ApresiasiHaji2022
Negara Hadir",1
